employees,revenue,profit_margin,credit_rating,years_in_business,industry,anomaly
103,37729336.69882753,9.928853164321934,76.36130904199001,27,Finance,0
436,20256482.999964096,16.979580736089996,81.62720549829139,20,Finance,0
349,41629046.814619206,9.863958079632525,82.22351385605168,18,Manufacturing,0
271,28884991.989121635,9.158290193578553,90.98989024923638,6,Technology,0
107,4112079.649910066,20.433793935324356,66.67036610795553,24,Finance,1
72,2804271.5141635775,18.077118114544618,86.65255949299967,10,Retail,1
189,7558753.821231026,21.752400865273543,76.42890548610985,20,Technology,1
21,1669926.276522867,28.24014693554973,89.66970071526738,15,Finance,1
103,4692593.957270653,18.306505333476004,99.52730163850667,5,Technology,1
122,34894005.46127669,19.523301331569943,60.03255087018806,20,Retail,0
467,27182967.47644369,7.240658478873553,99.73243207799989,3,Finance,0
215,37745626.72402862,22.940894647715737,54.4906077141387,5,Manufacturing,1
331,45745121.8606245,14.997630170103905,50.115877395240695,25,Manufacturing,1
459,29672327.083948124,29.418130966564473,52.20809680889156,8,Technology,1
88,36579921.359520555,25.579350389891506,67.08912023683808,8,Retail,0
373,38096978.90008034,18.062026012902958,81.64531653392172,8,Finance,0
100,19514676.914513536,8.080566354304151,53.45147704439248,12,Retail,1
360,12813156.78415196,26.48539483201473,50.28329072647836,24,Finance,1
152,11047221.096819721,24.99452738560054,96.85455142293974,23,Technology,0
131,13320679.536078123,9.614628238425825,91.09633179699648,8,Finance,0
150,14461858.05426953,12.381957230507751,90.45915855695155,11,Retail,0
309,11154154.801394766,24.83518145369593,94.22121377509886,14,Retail,0
258,44032812.70648042,9.630711163685241,85.00171363860522,8,Technology,0
344,38092957.47643921,27.943812229284433,55.22020648740407,29,Retail,1
492,3297926.921769776,15.613185629909047,69.95500940368615,24,Finance,1
414,14164951.61924006,7.1759740646914665,86.15747432323147,28,Technology,0
294,2087052.3594847799,25.39371608760702,64.01672303957605,10,Finance,1
386,25410094.145648755,14.33774207595969,84.37031820681187,7,Retail,0
192,24334324.142661694,18.162479853844523,51.224922413382615,28,Technology,1
444,41737203.01306256,7.80760861028048,65.30686704397966,17,Finance,0
277,16081084.748781422,5.06460037112456,77.45651681385863,4,Retail,0
161,41002901.02544005,20.94963014483244,81.60449147531212,29,Retail,0
460,48430714.50655133,17.879379258343292,78.85203322309555,13,Manufacturing,0
314,5332002.944916682,19.838464228078678,84.88781380367148,4,Retail,1
22,39799074.13401201,24.843596259512907,50.304437411991955,5,Finance,1
253,29907838.959744167,21.165147835571503,55.04705999887607,26,Technology,1
236,24522252.38390528,9.36933607068443,93.44721261395725,22,Manufacturing,0
345,21606253.154588677,14.019312977764995,84.08743220450806,4,Retail,0
49,39448744.93327117,27.64727761969401,55.646582134300566,18,Retail,1
475,32328706.491737876,24.248617506291975,92.10372186992896,6,Retail,0
59,40447188.70844873,18.91592644841793,62.11156089122834,24,Finance,0
170,45254401.87515469,11.391124945231807,73.91299420976118,24,Manufacturing,0
476,31245921.89276731,12.551512545869876,57.25982564423301,23,Finance,1
188,49042673.52952652,23.298951689640862,85.50550282108533,22,Manufacturing,0
464,30796304.627552375,26.279356521319272,83.3427210507134,2,Technology,0
271,32195571.759491846,21.78561673826536,60.555623558306806,23,Finance,0
190,28185964.818569057,25.238249394211046,93.17003834285009,11,Finance,0
446,5459102.461515184,24.16640338001015,70.06530121098561,28,Technology,1
175,36593454.59986118,8.742599198923942,64.62575455353709,14,Manufacturing,0
446,27824869.038056467,15.59862032283255,57.616479473226775,5,Retail,1
51,23094611.92338912,8.824595020714067,63.30840062577687,6,Technology,0
364,45613092.64176038,10.88088962004962,51.10134606119085,10,Retail,1
55,15600013.125555573,26.731490616276314,79.16287462280577,8,Retail,0
244,26656511.524735548,16.822299140829553,92.11153731719739,14,Technology,0
320,35184451.7031797,18.38395254606652,77.44902247208209,24,Manufacturing,0
131,40027117.008019984,9.461149130694302,60.96369809619379,3,Retail,0
485,23507993.58936245,12.806794651219901,51.68345891069364,12,Technology,1
307,42262479.33591677,10.756154210696748,60.73140366294014,16,Finance,0
135,38676969.32445448,10.15465411296066,70.80607140355461,28,Finance,0
21,4245562.914741427,20.949019832899253,87.98057143498983,23,Finance,1
329,3247202.0538270148,11.42209619114287,59.392142626888706,17,Technology,1
167,31419478.53668247,20.80038715051046,85.98957266773431,1,Finance,0
274,18023257.0030453,6.461365352713847,93.34667341759419,23,Retail,0
388,11247408.762847194,8.544359838177547,72.69734240541786,10,Finance,0
89,29402846.789115183,11.863506350003135,91.07159958212966,25,Finance,0
316,17736597.312370706,19.926172922392293,77.73286740175477,23,Retail,0
14,27325907.418989435,21.8960311271844,81.85454185404525,10,Finance,0
242,23545838.79019503,16.067924169488176,76.31392301691014,21,Retail,0
265,29653539.19150853,16.144772864430724,73.15863583756709,24,Finance,0
346,20614723.956603788,23.112921284965452,61.73267208879247,2,Retail,0
53,35185711.111149654,5.395527294139561,65.1597029730523,9,Finance,0
386,9823296.345115628,13.527250611855514,64.49850594718045,22,Retail,1
340,35128571.84512687,25.46767642798082,78.16444654769073,13,Technology,0
92,21171399.50351888,20.080485255334306,55.9976846511945,25,Retail,1
367,43841562.63786644,13.430678318885509,95.83958453511676,16,Finance,0
444,26246566.688346334,27.638119808241846,86.03275726415566,18,Finance,0
455,48682407.11423511,24.315568186234565,70.07228154565968,19,Manufacturing,0
428,30494834.38150705,11.622386180918335,57.9312072263189,12,Retail,1
264,11968604.22940971,21.132245938142923,94.09960848608179,8,Technology,0
431,41267741.20537801,19.893768204723916,91.18890450505826,17,Retail,0
35,17909048.76329695,15.029697850974568,86.08607763585897,15,Retail,0
206,18033341.509651493,14.173901980120016,63.57735237056212,10,Technology,0
81,2558429.3927730913,13.589011869392598,70.12233187168344,15,Retail,1
420,27887050.151163023,20.42889458489117,55.13741262262117,15,Technology,1
50,27186751.682893626,16.060248412016737,59.45197623637659,23,Technology,1
360,18443582.72932732,25.79657783128555,89.15083186583665,7,Retail,0
388,44816645.88190036,21.740065403349046,85.75193594253419,13,Retail,0
2,7308671.516682551,6.748290142735853,79.67428814879673,17,Finance,1
390,17174876.152197614,21.004205595704153,94.78633629630865,9,Finance,0
54,16757555.46932142,11.77868591250462,79.16332589065227,8,Manufacturing,0
106,5522238.725208558,19.820299791335568,73.34839999818054,20,Manufacturing,1
260,24576124.308758367,22.003298277586286,67.01853731528813,26,Retail,0
310,34701451.13770807,10.770729728850302,97.02242528680863,27,Technology,0
477,26071193.6638158,16.421466122009218,54.135773076217674,21,Manufacturing,1
191,8691906.453093491,9.758121570476694,96.54436860304043,18,Retail,1
402,19487012.296861555,6.308471894662707,91.33573299655092,13,Manufacturing,0
218,1127156.1947986814,14.461910587146727,56.49649622678506,16,Technology,1
44,43546754.24474376,14.0736067961498,78.24921788376268,9,Retail,0
162,5141333.376353415,29.887012267606426,93.32739908745434,12,Technology,1
202,30266626.030516095,16.158808779941054,78.59045818035769,12,Retail,0
446,49326592.797473945,13.33923873680501,95.35999107803111,6,Manufacturing,0
484,27292941.653379295,19.511875167916866,97.14919084080212,19,Finance,0
270,46278046.19626422,7.2191848526942115,71.11922610921529,28,Manufacturing,0
351,12569710.122752812,29.04164339887033,68.86568307031618,7,Manufacturing,0
304,38237815.037941694,20.874001139775828,96.81605769845784,25,Finance,0
271,27032021.94470317,23.870945498521195,83.7570030574834,3,Finance,0
456,36305287.00818178,9.26194845434794,55.80113406740846,16,Retail,1
462,4054726.763050831,15.236946325130097,52.11458746113406,18,Retail,1
215,8239215.503405108,15.567227834904738,78.23145254986315,16,Technology,1
252,7522729.500786435,25.54516109752717,96.50854827192123,23,Technology,1
190,34671109.76476322,5.030916993985236,92.21243512029092,7,Manufacturing,0
296,42377592.95904781,12.521327708831377,83.79238732321681,4,Finance,0
213,37731195.36842078,29.530909358607598,56.955792444554376,27,Technology,1
208,2493135.483946114,16.872163587655464,62.711569187434776,25,Manufacturing,1
237,43493534.07266144,14.563157006100207,93.77556132763081,8,Finance,0
338,18353186.868863147,7.995725050441159,59.140361832845024,13,Retail,1
367,20461027.79270004,29.354115715700388,63.92197041252173,13,Manufacturing,0
53,6138589.160091564,5.500658898145612,56.4800325597721,17,Retail,1
280,37132855.09859714,23.42950562518108,83.80541157072055,17,Technology,0
410,9931910.045321945,24.21499511971271,97.19911526816048,5,Technology,1
217,28634289.508922983,11.091417901596666,63.448401579769296,6,Finance,0
252,42194789.308018625,21.788961090325934,73.77033039250368,19,Manufacturing,0
188,5371012.106890753,7.323228609484748,81.71698698556021,13,Retail,1
380,27231442.636760652,11.426181660801996,99.97331241078153,25,Finance,0
493,12427604.16594026,24.697549707306624,55.240403249878604,28,Technology,1
41,17803416.34963475,26.617154800838506,74.92853997528546,26,Technology,0
157,24224527.13009725,20.21216031649478,69.25600599512501,14,Manufacturing,0
15,18400110.860685933,17.670960795512066,93.29100826111775,22,Retail,0
301,32792319.174287222,8.982600515474507,73.79838655058279,4,Manufacturing,0
65,24499522.98595826,6.577725826978754,55.5488762292574,28,Retail,1
345,29625774.750994295,7.941225711838966,81.72120726432918,7,Retail,0
327,37104301.29435073,10.68393250240247,88.53903091319398,8,Manufacturing,0
9,28329371.031571433,13.54186254742302,50.14406258328073,25,Finance,1
344,29740236.298377194,14.522738137774681,92.94783427103148,13,Manufacturing,0
129,28658468.58360942,13.658044214725088,59.30115000028328,27,Manufacturing,1
492,19559858.67161318,10.97638330493164,77.60346823266889,6,Technology,0
136,17534894.859723985,17.743106168792455,70.7898750343725,6,Technology,0
472,45082722.460105605,25.63215270582242,85.98269083052652,24,Manufacturing,0
63,30770205.89238507,11.99258846178698,68.55808073928709,28,Manufacturing,0
139,12973304.617768072,28.559675477555828,93.48815883408554,21,Technology,0
499,25414137.194598068,26.833416543096195,86.5248180479395,3,Retail,0
81,17187075.582764786,9.04410528380274,82.38565855314607,28,Manufacturing,0
392,46750899.36423385,24.65689891892736,89.81202977814272,3,Finance,0
163,1369183.7935696621,19.364684557944166,87.70115174641911,13,Finance,1
419,12041307.087913884,19.164384054285463,51.79693374607767,22,Finance,1
289,18902484.164028823,14.77606907645436,69.73671769224141,2,Manufacturing,0
379,24902680.23962816,17.528824979550244,96.54036486582449,16,Retail,0
261,42690058.373971164,14.929469435730276,56.28621344961131,22,Retail,1
490,5306493.60246705,18.49331546899857,86.85482752160256,29,Technology,1
231,40487379.45031603,20.698751319315896,98.72959056676649,6,Manufacturing,0
41,3727020.9784917915,21.85759516022621,52.60993145224858,8,Retail,1
28,42273387.7296109,18.312029813985653,84.10969403133052,23,Manufacturing,0
135,3530138.4158511288,23.035551683218294,73.40770706505153,8,Technology,1
201,1893881.5899896913,8.531951231887644,78.95876276873611,25,Technology,1
328,35151111.65595465,10.299562272555963,54.26706682421624,6,Technology,1
268,49865521.203651324,25.468375101856754,52.15034759334697,14,Finance,1
418,44933902.88572702,13.063199446160379,83.34333302754608,3,Manufacturing,0
33,29223922.47247734,5.572345624403006,91.16547149103589,10,Technology,0
48,45952385.04119105,8.844778741700777,89.10076674664836,3,Manufacturing,0
407,1259700.3134826655,10.590360862407781,77.19028639331187,27,Finance,1
62,48778290.98431198,28.93307219736468,54.99334105680891,12,Finance,1
216,25046690.183680438,19.326035723271232,84.40222219180069,17,Technology,0
293,36421908.73446701,28.31826851190637,62.094444177707295,27,Technology,0
99,41222212.18451428,19.379083762415622,95.55343513836918,29,Retail,0
172,36204406.27099113,16.983861003446293,91.91326797728524,5,Manufacturing,0
360,27216799.870200615,12.843192279852401,85.46914835436955,20,Technology,0
214,24354354.722194187,20.15927361083439,97.44229779155653,25,Retail,0
475,42090545.37642861,8.479950615438247,51.57109107556364,9,Manufacturing,1
35,11048800.447323496,27.456540682317648,86.8100212530381,21,Technology,0
449,48431709.25870748,25.733310128532093,66.51213896682026,26,Retail,0
227,35836671.46300066,12.938286196918426,95.30329428431827,20,Retail,0
101,10775839.439577669,28.819938190032357,63.33375983309888,7,Manufacturing,0
431,37076112.00122592,25.6300191853892,86.24282496575086,22,Retail,0
462,26962161.13587472,21.657672145875992,93.88235098253907,4,Manufacturing,0
131,35654274.68657778,8.044047778131869,52.08284091913412,13,Manufacturing,1
257,38621195.5706991,16.955850576201808,69.88237897960181,13,Manufacturing,0
5,5277218.799894096,17.65268887116877,88.11545160109694,10,Finance,1
218,25799093.861608002,10.813783959134502,72.74594447537936,18,Retail,0
255,46668702.77058978,6.999134858982549,63.362631489679764,17,Manufacturing,0
398,16711467.415816199,24.418090761792318,60.9902674411595,20,Technology,0
359,30100271.780337043,8.050876303109876,56.5759133458189,20,Finance,1
283,19092293.59398491,19.857268764044367,92.8564779928141,13,Finance,0
393,23259130.638735883,28.411229347091513,78.7677701625778,17,Retail,0
207,27881552.778969508,26.902629814951062,53.8192472495728,22,Manufacturing,1
15,27897177.014559887,11.943815593731529,69.12901617853177,4,Retail,0
346,10884792.654181557,26.286215938781634,68.38668254025549,1,Finance,0
42,34544005.846111834,5.0083126530122355,59.08695953547315,1,Manufacturing,1
380,5305537.450890183,5.44219524033143,71.77538127360954,15,Technology,1
461,7802413.898658998,20.063829096071622,66.60496826965682,13,Manufacturing,1
179,1132834.0713021539,14.119955478613237,67.09018527460913,17,Finance,1
63,6718107.142942385,14.661521028978678,86.95132788939793,24,Technology,1
352,24185143.85154272,19.111027266972062,61.16316927525982,26,Manufacturing,0
231,30698992.17173609,9.794561389796515,82.09299794276777,8,Technology,0
241,39920183.04835666,10.29388376663696,78.53248119404674,18,Technology,0
52,6228263.255558367,17.115039675471618,78.40462561689337,27,Finance,1
96,42685645.54080628,23.856338608596577,83.1503673070888,13,Technology,0
388,37552751.75188719,20.48744378518969,77.4191018097827,23,Retail,0
222,21017396.353859928,12.433876205920972,93.96275574231923,14,Finance,0
485,46713965.28789778,15.75842943772303,83.779004597513,8,Retail,0
407,49555544.34641214,9.266618963749961,77.3481625685694,8,Technology,0
231,11045088.692608625,6.865745358427043,91.48815601438224,27,Retail,0
237,19582200.66322622,24.567401018603732,80.30732824667399,26,Manufacturing,0
143,46396021.755895846,11.634685229704864,64.55721238925895,15,Technology,0
171,36358230.986812584,9.444159696281206,60.35474590882856,27,Manufacturing,0
29,3356637.554240297,22.290451389232985,57.61638928313394,13,Retail,1
36,39294209.60581933,20.45129185717965,94.97276062730508,7,Manufacturing,0
13,41569103.47169711,20.829740650336603,85.5067715899033,5,Technology,0
160,37774594.31350036,10.72236512116534,96.86892190821604,17,Manufacturing,0
327,40177319.415056266,10.816138464067025,80.16459028574715,28,Retail,0
187,41431501.15794706,10.520065744640979,73.67004407474563,25,Retail,0
243,10133844.352619061,9.343814891557363,52.98582444854446,29,Retail,1
86,12548895.557184989,21.39309181404141,83.58211407730148,16,Technology,0
284,32054169.622288685,26.200397131235036,79.11043798841156,23,Retail,0
66,45485440.392663285,23.107936741916532,99.51044467938107,2,Technology,0
170,16493632.532528237,24.80234084401358,61.95793888911215,22,Manufacturing,0
45,29827027.113957778,15.119960727129996,76.53686776434179,18,Retail,0
62,34466121.10743949,21.351894884299952,82.54786675590363,17,Manufacturing,0
441,23145481.463652924,13.855906011119362,82.22955873711719,7,Finance,0
134,35975340.287910976,18.137615549216,78.06467714742014,13,Manufacturing,0
284,45083704.819316484,17.04087116337156,88.84640051636127,18,Finance,0
28,31580975.664910045,9.42217862859636,60.24906047634082,29,Manufacturing,0
108,27449272.03381702,14.67696900839077,86.28136001372079,14,Technology,0
44,22498489.094028614,29.095556887058773,80.98672857165445,18,Manufacturing,0
340,29296827.27440016,11.214506442873551,94.80375558972867,13,Technology,0
286,18412760.139101397,8.345093406987218,92.35972195167909,11,Technology,0
446,20182623.399873596,15.464515540598383,65.75735195662766,21,Retail,0
331,27061016.504720524,24.758443396503704,63.81186624875765,21,Technology,0
128,4264336.507150032,19.553705744499307,99.0826661926224,16,Finance,1
348,12222244.155315021,22.024370680956114,76.36325904576283,23,Retail,0
473,27599616.220057037,9.742371204366929,95.32104819572184,17,Retail,0
231,22144879.01368569,20.47370482519304,58.19405118902411,8,Manufacturing,1
190,17307973.50971173,13.087509872786844,82.14094574000872,19,Technology,0
225,36796907.70365577,25.857584148869186,90.4930093680293,20,Technology,0
385,34992162.76276358,20.732470150268405,97.36976247932235,15,Finance,0
377,9169807.239675775,9.971406944382398,66.86700705085117,9,Manufacturing,1
283,44052826.653298475,6.615416996102153,86.24905849620262,20,Manufacturing,0
446,25275757.693794318,6.065830232175818,76.94065045198096,10,Retail,0
121,37331584.64581323,14.285214191253518,53.031446303323406,12,Retail,1
116,29084391.613612045,11.646278416357838,84.49998686544717,21,Retail,0
461,49886938.18026832,21.152253086562702,84.50482791189218,23,Finance,0
233,37867752.881902315,17.483345874465456,96.53034024232684,20,Finance,0
259,35642042.60092949,11.650481950134518,74.86562230844862,1,Retail,0
359,39150025.0134868,8.730944448754403,61.51254603552573,25,Manufacturing,0
198,8013271.291875011,8.17999406718624,52.22819117243396,20,Finance,1
456,11022685.0653037,26.616509803510443,70.78210933429528,9,Manufacturing,0
411,35989140.02895709,11.08694921012168,65.0958350038751,22,Manufacturing,0
137,25205092.86941227,21.29276619777421,88.05441530119379,15,Technology,0
318,37977129.30114571,25.267148199656656,67.71338824205233,1,Retail,0
165,6042885.506463106,20.3520327796184,97.4535598157422,12,Technology,1
225,27287586.222745143,26.489130791173643,98.11551014938921,3,Retail,0
307,19562256.71228887,14.809843038211863,81.0454295108854,11,Retail,0
234,23393010.744802237,28.90555476622371,96.43301435074414,2,Manufacturing,0
172,30593935.73155311,8.328625104452424,88.04271722572479,16,Retail,0
152,25612129.025663976,7.553738241438452,77.34298204875631,9,Manufacturing,0
463,27453171.218529,21.46730365518609,59.0153967711389,15,Manufacturing,1
315,24831516.617784783,28.570778535331545,72.929897175692,12,Retail,0
374,21038803.677189168,25.2220865409082,78.04372316813088,1,Manufacturing,0
160,38822217.04931401,6.910421485951286,93.19807903675051,13,Manufacturing,0
96,1597950.5435841812,11.98419284836791,74.06666882678324,14,Manufacturing,1
472,30323692.359056123,28.257972120945592,94.88373363389783,25,Finance,0
233,28709909.018825717,11.326460820019614,83.71744895117345,25,Manufacturing,0
180,36092774.661914654,24.52926059467298,56.84995315268357,8,Finance,1
113,30352438.874089,25.628304898217596,99.74906846625464,8,Finance,0
318,41513142.56264484,17.386302586524543,76.36163303769563,27,Manufacturing,0
497,47994664.93363736,14.658722746207888,69.59291482045394,12,Manufacturing,0
442,17783688.601748627,16.25311081049399,82.95568822347633,1,Finance,0
52,12140198.168469364,10.674117359134105,55.44466569905195,11,Finance,1
268,21756246.258603662,27.234772903221106,81.82693233766771,8,Manufacturing,0
295,15108551.20731058,16.265491418243947,74.91180002496365,10,Manufacturing,0
386,31132562.89448007,27.061486011402494,70.33370349992916,19,Retail,0
387,45680768.03330527,7.6423369976568525,97.65100105894496,11,Finance,0
113,7816693.513010032,29.706881775003282,76.12698583660266,7,Finance,1
101,5938935.547778439,16.081827186090457,60.95587397349692,11,Retail,1
113,13544761.06082945,6.195770509852637,72.94817396886494,17,Finance,0
440,36578683.71705764,5.950546205936373,95.96937022863364,1,Technology,0
81,30055182.357682258,23.655181437045965,58.80477356652973,26,Finance,1
187,6008420.54703478,21.47588835509202,60.697851934411844,29,Retail,1
113,46018775.59077658,25.05326395318969,50.65147838785419,21,Technology,1
2,39714147.21908025,7.634188348820149,50.70950246978836,21,Manufacturing,1
130,2128107.634594238,5.8892716758887085,91.46958134792563,8,Retail,1
220,32916993.33842406,17.71448223618946,86.6061303421478,23,Retail,0
54,38791086.757467166,14.689880787069239,67.75205282259792,24,Manufacturing,0
343,19347333.11630068,16.548673416773894,84.91555786137864,6,Retail,0
485,4377155.428993721,29.78971022175685,69.76029631549851,22,Finance,1
224,4788732.208950575,29.268748941766756,97.64483979989137,18,Manufacturing,1
225,6108101.336538665,28.55788474182982,98.35263407130174,6,Retail,1
385,42181541.967040725,24.596066919191845,69.63968879046718,5,Manufacturing,0
403,45623623.71452994,13.87103400642226,92.7110953170434,13,Manufacturing,0
126,7017728.310440956,15.30327325656929,88.65445208487331,19,Manufacturing,1
130,12559395.695158979,18.740401092973112,65.49999685858947,22,Technology,0
53,9110505.007997198,25.763361410120996,61.6019914450553,8,Retail,1
172,10129723.095211914,6.717820812956694,72.91173251964169,9,Technology,0
218,42037048.66112211,15.607422147122204,89.06744203072031,17,Retail,0
160,17275174.22009201,7.065441586481717,98.00838923643727,3,Finance,0
198,16260768.938236417,17.86643966433779,88.17895344332862,19,Finance,0
416,12142385.422978519,27.472520600155885,92.7603492509185,11,Finance,0
247,30786825.295918677,24.562123114098448,80.15321530852583,24,Retail,0
324,19585979.220891893,10.69606043857775,91.7703915421063,17,Manufacturing,0
439,37468232.940321155,29.399771239969812,89.22104290017089,21,Manufacturing,0
203,11073410.610406237,21.68375995116071,68.849277096314,19,Technology,0
184,39601704.54701013,5.260692484935077,77.59951510603605,2,Technology,0
123,30582355.05477681,11.385337117130488,90.23765609948474,8,Finance,0
401,6599097.7027287,11.517832497997913,52.30283670949782,19,Technology,1
255,21310724.625977755,6.731357657146498,90.4039641177915,7,Retail,0
294,43312388.89003489,28.995662951898225,58.89440620245117,28,Retail,1
280,46225051.35812576,16.956382364398095,75.73418085607194,27,Technology,0
325,23819305.993621845,27.39536493429705,90.41377197779688,17,Technology,0
372,24561011.926364604,13.055387586115708,62.69105390783474,6,Technology,0
98,46004281.52202576,8.130839260820679,62.29037196530765,19,Technology,0
198,29766342.982691795,16.858402747655347,70.13821992311259,24,Finance,0
470,2609486.841928479,7.848915867857929,94.73213987888172,6,Finance,1
395,45724723.68107732,17.150387574438497,50.022139071860394,28,Technology,1
240,13163095.695100443,28.007429530485194,95.06915483209674,2,Retail,0
144,29303965.750485815,18.01920354585532,57.69035123208039,6,Finance,1
97,9110152.553970717,20.412493172377086,99.5043188033741,23,Retail,1
201,2660078.8520831545,8.915960924345207,97.7423496519234,5,Manufacturing,1
124,16262185.385505114,6.093390646999238,74.73375947956417,19,Retail,0
187,39244289.6697583,7.770199054495176,75.63601239063141,20,Technology,0
326,14601771.458841488,19.963289392109143,74.07746701379271,4,Manufacturing,0
464,11784763.489973756,7.375292474807616,81.77218228297613,22,Finance,0
349,11421358.432720087,14.399822248532786,54.53608511174655,26,Finance,1
259,26243510.437933818,18.7522985114539,51.63089741707832,17,Manufacturing,1
148,48801524.468455054,14.716319965746175,52.885146420794946,11,Retail,1
252,23490460.41283364,9.092095036632537,72.21826746207572,4,Finance,0
443,28307963.075612348,11.844782687852662,63.77739696097417,26,Technology,0
420,43170968.87664597,28.207938321214424,81.1019781185497,13,Manufacturing,0
403,27218416.227749273,21.899556889658886,99.62211446873894,20,Technology,0
346,10038680.699523948,17.401195966997165,69.3161586538233,26,Manufacturing,0
451,15680199.676557375,5.317872249672338,78.69206270522567,17,Finance,0
147,16186909.387161935,29.810385012236754,70.78019479536677,9,Retail,0
148,20468587.657422297,21.786373372366082,92.36358338609297,4,Manufacturing,0
352,21912656.36150072,12.923061933623623,95.11182017311191,23,Manufacturing,0
199,40189319.0816392,26.981716499945954,93.867780610263,28,Technology,0
308,18119962.953417316,11.460790507295453,98.71861193396288,14,Finance,0
489,23943359.593627587,18.60041447956879,51.37595925702077,19,Technology,1
417,31623823.36550156,20.901769093245626,91.99080810727655,26,Finance,0
424,19508571.424568295,10.526584286343212,87.58860865195466,28,Technology,0
128,41991675.85132431,29.459931970014896,61.43472047001824,3,Manufacturing,0
39,29785226.60746964,23.704797649474937,97.81600466937638,14,Technology,0
338,15408189.281827606,18.94533063777675,57.408896411497274,8,Retail,1
360,35988900.78970158,9.514864954382523,83.97749635669543,24,Finance,0
129,26854738.777094506,6.346455174950653,61.24451084079563,27,Finance,0
267,27188338.6716051,13.001495813024587,71.56903243870373,28,Manufacturing,0
476,24573309.470991712,23.82968339783507,85.95799484722845,1,Finance,0
441,25353585.4922412,11.733282457550626,78.16623210165233,10,Retail,0
473,38502457.772245795,18.48890551238763,71.37509156640559,18,Technology,0
434,6046092.48723446,23.19867941826858,66.31692154659936,16,Manufacturing,1
151,17383777.754213627,7.698592866161609,91.98298278543952,8,Retail,0
415,4699664.826390572,22.132450402896833,57.19071751574069,1,Finance,1
478,37909064.81662509,7.296772192751117,71.50514382649,12,Finance,0
298,14342790.881294673,29.128243553174915,95.1878785887571,8,Retail,0
99,44974090.08112533,17.20985325162349,92.29247752299838,24,Technology,0
263,26802344.866305392,8.766902692746935,70.04708812365233,16,Technology,0
252,40236738.80281993,13.559590900838662,88.15541818006541,18,Manufacturing,0
144,48967640.3451821,15.335411232381537,91.15804153544296,4,Finance,0
346,42149654.11337196,23.954625276913433,94.4443712001815,6,Retail,0
112,43482694.24056465,23.585594651915233,77.2252884524614,12,Technology,0
60,20991240.27287739,20.298512633433276,60.22304430273559,27,Manufacturing,0
369,28034407.167707648,7.648267813962324,62.76545382519658,9,Finance,0
2,13440539.63812191,8.789234289691839,64.78473370208022,15,Finance,0
385,10609541.884979188,7.343923016138916,79.69012404048078,16,Manufacturing,0
304,25769886.076195657,19.42931958218875,51.64048120643042,24,Manufacturing,1
254,30157400.00532061,26.928461037785098,81.80212343899841,12,Technology,0
140,17624291.048913356,15.845012806369295,68.2177119214116,24,Retail,0
453,28902732.370411515,9.021204348943655,64.76209012448211,23,Finance,0
37,44485563.64316165,18.951058128724174,93.97482853640632,14,Retail,0
160,28279357.654384937,25.293805421642748,73.00011977903995,13,Finance,0
9,36319841.71921483,23.54280153782325,54.75265227663464,25,Finance,1
233,40460433.40053735,27.036269491875533,91.33733840131235,2,Retail,0
99,49447710.31581669,11.947552431221697,52.38206287182533,3,Manufacturing,1
147,30556672.706672,9.848846681694372,86.33746120840983,26,Technology,0
304,40535657.29916672,26.995412148548468,88.69531108853326,24,Finance,0
208,48169816.60918886,21.439007819450577,67.63013029644291,22,Manufacturing,0
131,47276076.553286396,12.773223250188854,91.23939281388934,10,Finance,0
404,7913010.590107965,23.55870126431273,75.78297029282267,9,Technology,1
152,20913223.105402578,25.377959612009196,73.16468266363984,26,Finance,0
54,16875512.99423318,20.37445600852831,52.27016407343463,20,Technology,1
120,5259325.732567117,22.197102746997878,64.5014596824453,8,Technology,1
161,32028797.970637064,14.381497611066658,96.550498544265,10,Finance,0
408,37059326.04660411,18.467391683575975,69.591198164175,19,Finance,0
116,42558276.67787729,18.103979268154056,77.33502602783841,3,Technology,0
75,7016067.593472716,26.201194778269297,76.6010839492126,24,Manufacturing,1
113,43945759.7178894,25.999099507054563,79.52155449113467,5,Retail,0
456,32503352.61709841,25.81701173367608,53.06654778216413,3,Technology,1
420,35493360.62178697,5.275790356561645,68.10881273993641,26,Finance,0
422,45620576.17347489,23.738637111722205,86.1564136941277,27,Finance,0
104,31613302.281119302,23.96690975277512,60.02801255364915,16,Manufacturing,0
340,17457427.00034192,21.959470571378546,60.17891887731802,17,Retail,0
254,41430259.23971033,23.906616447286314,50.50453033445124,15,Technology,1
227,18789901.397559434,26.04925928741772,71.87409633041048,3,Technology,0
112,2677177.430205927,16.75797635254464,94.1367190336711,12,Retail,1
473,41702070.821697235,17.551255337211177,52.59504717936545,9,Technology,1
99,17914415.099182505,8.117851422784762,59.55593547480013,21,Retail,1
153,38917891.636865675,14.634397076184046,65.50422691713776,12,Finance,0
349,18775136.838631324,21.084129497794606,86.58623682821064,26,Retail,0
402,43192332.97876136,24.509994403681862,82.03177964012933,15,Technology,0
384,11756015.728966976,10.430227442280264,70.79719522909275,2,Retail,0
366,48752815.99474463,8.445572478980885,87.95344696291879,23,Manufacturing,0
338,39208179.96461351,21.576050112512306,80.4815505828451,18,Finance,0
194,6597658.370099445,5.046997088122766,94.80203998286095,20,Finance,1
310,28723054.378361464,9.459314607683245,90.90133745693466,12,Retail,0
163,49282998.299845,5.726784508598843,62.64068030446003,23,Technology,0
208,24082207.181996904,9.172127946371774,63.57192888171001,4,Manufacturing,0
445,9923249.802257579,9.53298199813763,56.26782378961928,23,Finance,1
169,24754139.99036696,14.691839868759855,66.84823628587283,16,Finance,0
484,26110425.13821416,15.0581781171639,99.97719593595471,23,Technology,0
161,37342660.26720461,26.856561765255943,70.28755843075305,16,Technology,0
68,35243446.804884315,17.75274281247063,61.024421734455316,1,Manufacturing,0
289,20724952.136252046,23.085119140307157,88.12414422377765,22,Retail,0
398,11683132.267210238,7.603433948007186,77.1235501731328,25,Technology,0
277,32607654.220697142,10.635968886592346,57.48007247634763,2,Retail,1
304,21663492.79311081,22.57358602446692,69.03448405804329,3,Manufacturing,0
404,7481534.345141189,6.320099011713202,70.72348577696717,26,Retail,1
384,45128042.760582894,17.16494155609383,87.69148502846093,21,Finance,0
392,34869871.02287307,19.984224141573346,51.033568444595225,25,Retail,1
135,34476008.96582859,20.053641101312028,63.45098233991553,20,Manufacturing,0
195,41306609.91967202,5.573320281701051,75.8798150657761,17,Manufacturing,0
401,26953422.254098974,13.052700105729638,63.442337122642165,20,Manufacturing,0
128,40937666.9917204,20.912266276228852,81.42170237094994,22,Retail,0
33,25406446.92203928,8.724993403731085,74.09337396373083,21,Finance,0
176,4291594.5958697945,22.38539120820133,68.08551274297903,29,Technology,1
460,20857156.31335675,23.648130220341862,97.46043134352561,1,Finance,0
443,25375779.80501464,29.549229761153633,81.60797495932287,20,Retail,0
371,36289926.49998249,10.246049871410236,56.49706861339706,6,Retail,1
470,6222357.776305044,25.62826669165288,78.00458487216977,29,Technology,1
375,7860908.394362001,18.007414422966352,89.03659266004505,15,Retail,1
22,13920506.329096206,14.336564903604335,85.42448487463987,26,Manufacturing,0
238,14058421.275173228,8.059418933129448,58.60446146476297,26,Manufacturing,1
158,36877044.34449406,23.38764016218844,98.62099995200516,14,Manufacturing,0
38,13285802.36751829,10.896439978592177,72.4406822873303,20,Manufacturing,0
230,32021805.10451493,14.285550046826144,57.951250187013066,15,Manufacturing,1
365,25219418.6567753,6.563555672434211,59.009787706407394,14,Retail,1
51,29091424.53079063,25.034172895487977,54.91174960945403,25,Technology,1
438,42067241.1957365,24.164713099291085,90.17590542174672,21,Technology,0
264,20814693.57590219,23.340395751057812,56.101524716092435,24,Manufacturing,1
283,38774657.47614925,12.486087762297167,56.25626285708735,25,Retail,1
27,21679766.91798368,9.33700185664893,92.52358073804189,26,Finance,0
226,18339697.451501224,20.938831611755745,67.23020422237798,5,Finance,0
277,47972731.68834781,17.404159602830486,51.542895215403625,6,Retail,1
286,10034175.113269197,9.456311672616039,52.59476497592054,17,Manufacturing,1
97,5426511.068302786,22.147781776246593,57.10852233519478,11,Technology,1
284,38778310.351238444,29.778160795532592,60.669667398784476,16,Retail,0
367,4344235.562350487,23.680489693550943,83.25730971192027,12,Finance,1
448,42016870.54444844,23.499659667140296,57.866314000091414,15,Finance,1
481,22422476.421504933,28.75781882326479,55.9437195588536,23,Finance,1
453,45860170.18730379,10.073409189372555,88.23595707381396,4,Manufacturing,0
317,36355110.19497337,19.13874912303601,83.55276419299572,27,Finance,0
304,30909828.68338992,29.491167875847086,71.7662110727618,18,Retail,0
147,47516033.055830516,9.132352774254363,77.46548857400519,21,Retail,0
4,20435819.27955066,22.506298986113027,65.59920101632092,28,Finance,0
35,47750259.89044202,19.645253649297548,74.12502101176803,3,Retail,0
192,7615062.59363914,19.661977304717674,75.33363244913728,22,Finance,1
49,24703992.154688224,22.44176568800188,69.3618635589048,8,Finance,0
17,14225649.89721755,28.240423071892106,95.32861053360814,23,Technology,0
172,27452296.166501477,24.56454849628345,50.803093249050306,3,Manufacturing,1
220,8938680.016687647,6.40340258540525,89.1085631545623,8,Manufacturing,1
158,42234953.355192125,26.318200496892782,56.21914156206621,18,Technology,1
477,42473984.6164133,10.638533248143315,89.87736802685997,10,Technology,0
46,47806579.32345047,14.4228541184093,80.79559578383606,25,Manufacturing,0
373,8578934.903278574,16.543320340309553,92.16390454682012,20,Finance,1
6,31543294.994344547,17.02265001882674,54.87571628204487,17,Finance,1
99,24237628.126318112,15.87950998138392,77.9490317049887,8,Manufacturing,0
380,17874802.870167427,28.43383235539661,75.05439401310986,23,Finance,0
233,18225467.895576723,22.650475191600616,85.30965914816794,11,Technology,0
37,21226883.97973086,20.77926614891766,76.71452759468379,29,Finance,0
280,35541351.9347587,6.246050694573539,77.0367283566552,5,Finance,0
349,30316016.855139576,27.597833256509368,71.47979717880324,26,Retail,0
497,23524394.125295423,27.734754800209906,65.44172120036704,13,Retail,0
302,4720737.108111482,24.50532658575256,74.1132180626096,21,Retail,1
181,4810501.859868897,5.175730095340479,55.92461793842003,23,Finance,1
95,1114630.1406631346,6.432006276940584,98.07566694915424,5,Manufacturing,1
99,48417270.02214724,10.630592556712244,85.72053818132991,24,Technology,0
188,1257437.109360861,8.283735203622667,97.62335583439234,27,Finance,1
481,6051593.554673499,14.970900742593237,61.33636911649816,13,Manufacturing,1
116,16415231.283661135,28.06557645219474,93.9670510088264,6,Finance,0
191,40564082.339021295,16.801510854924956,90.43949922817693,29,Technology,0
253,48142840.502441764,5.3350656608041405,83.85762062288369,5,Finance,0
469,39710664.38080095,12.06864223946905,81.2514593042603,9,Technology,0
416,34837451.389836386,6.114872709324039,65.8274832633935,27,Finance,0
471,26543732.7032649,5.907190565337554,90.82053924825154,16,Technology,0
161,5248555.381246997,11.892996327388806,75.0757730739867,2,Finance,1
256,47950368.85719259,11.890308466973636,53.544578794564266,1,Technology,1
323,38161228.28333839,24.6781650650401,65.6431580427565,8,Retail,0
128,32308519.88137883,29.3708663195278,96.76485492726638,28,Finance,0
18,38192756.431403644,14.280177347249957,92.5340130302423,19,Finance,0
281,36481063.13438379,15.722171971525965,99.09528490382696,11,Manufacturing,0
490,32224347.409684855,26.119735907150535,81.3996691302049,28,Manufacturing,0
223,49048263.20881942,11.703475502387835,62.375503657020595,12,Technology,0
54,45264826.81916522,8.9095451100862,58.14075248384319,12,Finance,1
58,32686581.036741007,26.32724058509126,59.34572203042308,7,Technology,1
323,34965585.36138931,6.162514661001637,50.98978291736272,26,Retail,1
360,3528194.52627679,20.49248600498539,69.53410554929695,13,Manufacturing,1
174,33825955.76295192,19.04982118667017,59.57138402497713,27,Technology,1
280,3164106.4477949087,13.648011187542357,70.58277302283513,8,Technology,1
114,29824924.09152662,12.879738027433975,96.74972159193827,29,Manufacturing,0
288,49968321.47872591,24.296443154540533,71.5270104753595,29,Finance,0
431,28234522.4904218,7.160615269063662,93.89922484924175,22,Technology,0
342,24187295.785985336,10.919607732784634,80.27523833079383,28,Manufacturing,0
151,16329887.96877379,23.311218295952244,62.3565777330696,26,Finance,0
450,6905606.360536758,18.708014593160605,67.79273796296057,9,Retail,1
127,36820159.9014558,8.19970521333966,54.19597679107147,7,Manufacturing,1
155,10437352.361495892,27.0533903570515,66.67312967980052,26,Technology,0
490,6648819.041116934,14.836196164089788,83.87704727517671,21,Retail,1
386,21666370.326795112,25.69670938305432,53.60555464647176,24,Finance,1
474,39971750.05999577,24.692825388192716,60.270070423901466,15,Finance,0
273,37508162.8578908,20.610636161793202,69.07205207066558,2,Manufacturing,0
104,3689248.1176772714,17.362028282377324,99.10247685079813,23,Manufacturing,1
417,23302040.56677165,29.48877100954392,89.24309114794401,20,Manufacturing,0
393,26599294.227487277,8.624126809495426,86.67433732460519,25,Finance,0
299,32582785.880665287,23.12889318877787,55.8095478262723,12,Retail,1
246,32858200.17171818,9.779767536619724,89.04979468074957,1,Finance,0
176,18870165.223407988,13.45657763330871,89.26344057580076,23,Technology,0
39,28473182.506172188,12.71746858432988,80.05513478121641,22,Finance,0
477,24572032.308360234,28.675899693468075,99.5180890999186,8,Technology,0
170,44364919.46964077,29.18390444470688,66.26269529622759,5,Retail,0
247,26982991.499110106,9.575386105868178,97.06362241209258,15,Manufacturing,0
26,22610575.92565992,5.550879007437604,95.73655574782518,1,Manufacturing,0
355,20819787.034410685,23.000200991577827,50.57403298746889,1,Finance,1
306,29048960.21223982,15.449748346762108,72.50582632374055,25,Manufacturing,0
409,40394871.990643986,7.22100612718911,98.85521165257867,10,Retail,0
408,27381673.02865859,22.093852639426064,55.15606812040379,22,Manufacturing,1
13,33421103.578946535,18.627638206517492,77.38923471916597,10,Finance,0
316,37154932.57841972,29.51292055002765,98.9478753520552,21,Retail,0
391,26488237.38405786,10.685237396534474,77.774771205293,15,Technology,0
313,21914035.776088353,15.099446908163706,59.4907651486078,17,Finance,1
36,43956603.515260026,18.56364508488557,79.10916150462948,22,Technology,0
173,21457798.117366716,24.792499711333793,60.22202869747734,6,Retail,0
20,23635199.67820379,18.720966418001467,75.98521314472421,3,Finance,0
321,49526724.35374708,20.32250402154873,53.7021108956174,13,Finance,1
264,1011638.6552183444,10.65367628974852,80.27413346072024,16,Retail,1
494,10088172.569259401,26.172968202213998,75.83949695640791,8,Manufacturing,0
400,19814230.606066562,15.715763674261893,87.00806843807315,15,Finance,0
142,46696905.56183739,8.523990688044233,81.53502355793925,17,Finance,0
460,4431455.58162608,21.604697862635433,77.48031342653783,17,Technology,1
371,1464786.2477964056,10.402261329632688,84.48894246240606,22,Manufacturing,1
471,3581507.9628842007,7.439062755982493,57.19709567861154,26,Technology,1
143,5338627.120067289,26.549672710106808,79.7679830629302,13,Technology,1
92,2842241.8871067828,16.50405661221099,58.605530141138885,17,Manufacturing,1
354,24509285.015968733,23.73209281739441,96.27611039259405,6,Manufacturing,0
322,29457103.154139057,12.264688995158878,53.41670524228021,17,Retail,1
288,14312661.5823812,24.674253372941656,71.51873748453966,16,Manufacturing,0
215,20516081.81480614,7.798398175538258,84.78987388277224,14,Finance,0
447,5493267.420460077,13.899334344871319,72.90111058341294,13,Manufacturing,1
342,17482152.72759268,29.451545449338212,54.60476266164512,6,Retail,1
51,26603440.39009163,24.849742909200152,77.66895080633537,3,Retail,0
153,36881318.55204761,17.431398257867205,82.08159544136772,14,Retail,0
186,1163971.740105982,13.494436789047127,85.18961554952539,14,Manufacturing,1
63,23898227.560344975,26.803392500561912,68.66299072313795,15,Manufacturing,0
190,15553140.946289228,18.621193977112892,78.1829985514381,8,Technology,0
125,42788269.26290317,23.96062544672778,72.53432374694566,29,Technology,0
150,36062112.44647785,23.8526920079041,83.60280193761267,15,Finance,0
314,29866318.189073846,5.448641964212296,79.17784836624092,22,Technology,0
58,14586016.639141906,8.156344569815337,76.28781097795674,29,Finance,0
342,45606616.000819184,21.490734159868556,62.47621834191243,27,Retail,0
305,3209933.183795836,9.040495282146786,50.1009258874117,13,Technology,1
180,6363912.335276643,11.387333616390118,58.70408376557146,17,Manufacturing,1
170,20189876.886477448,28.66594885499018,55.85330207120843,21,Technology,1
326,7097440.307545961,19.004556459372797,72.45423725054734,24,Finance,1
271,47864369.18041182,23.76823767498368,80.61290753809223,3,Technology,0
54,40101476.78502578,18.949518469565998,60.65425043424041,28,Retail,0
491,13690149.92848887,18.81284036956813,96.95285479835935,6,Manufacturing,0
444,29839157.219689023,7.353797753142447,50.33410646119439,5,Finance,1
101,49134195.238924,13.591579815227576,88.61505075826715,22,Manufacturing,0
481,44325749.92844365,12.060772467162794,81.26023847652212,26,Manufacturing,0
264,30439123.875667702,14.76820914034033,68.6777400523841,17,Finance,0
53,45282474.391588256,24.958604705608206,52.524447220620395,23,Manufacturing,1
60,49470060.58085459,14.29831669792162,81.37432858921397,25,Manufacturing,0
492,37424288.32178758,16.292420480792067,69.28067564328241,2,Technology,0
108,4184334.0646618074,14.934534762132913,96.81335697066096,26,Manufacturing,1
5,20677431.584848884,7.33519929938239,77.0995037444883,15,Manufacturing,0
103,42053461.028879024,16.026803956269593,96.98257556467541,5,Manufacturing,0
196,12297890.59444593,9.890231826112876,61.024184673665204,26,Manufacturing,0
262,41701483.36978061,9.668082394326037,86.28629551820516,20,Finance,0
365,6896599.339714801,7.350902610856659,80.86245104243629,6,Retail,1
480,3300322.5002428372,13.916774353544119,86.97041149156559,6,Technology,1
372,19820439.963071227,23.937047119735436,60.73339319862684,27,Manufacturing,0
350,2799864.9339040676,11.911042264584902,83.24972581188868,18,Manufacturing,1
47,47906242.88618296,12.808727547137838,74.90201965284345,18,Finance,0
355,41484079.093904324,21.06686644181059,87.1412487453158,4,Retail,0
311,40237714.66936388,9.896020314672972,66.35223220759089,17,Manufacturing,0
424,31859118.226811502,27.423948260588357,94.50285127326262,25,Finance,0
308,11599877.128791122,18.00476308128886,54.21506573056752,14,Technology,1
144,26394757.96714322,16.190073508005423,90.3594659395594,14,Technology,0
269,30266429.549086712,18.945504798230036,93.06598129075454,13,Manufacturing,0
370,26726543.542153142,9.150857835404887,90.86261556834106,7,Manufacturing,0
124,13751435.029624837,20.33682846597941,75.6363197130888,12,Retail,0
106,26247148.29142157,14.07751841585026,71.91924900153806,23,Retail,0
158,25068130.7025627,27.429658524115474,99.81311432624383,15,Manufacturing,0
147,49820453.01452949,9.221355166942153,61.45859756070811,19,Finance,0
145,44974371.25426399,17.676277596636027,77.34379829380222,11,Retail,0
120,23705656.662565377,19.95281573422545,83.53377626911627,15,Manufacturing,0
319,31523931.763820816,5.834590044659531,85.0433817930716,12,Retail,0
275,37645708.600519195,14.092328118903506,60.20123328692893,3,Manufacturing,0
92,2708392.8514574207,23.31588086752082,82.69970461699006,17,Technology,1
58,44851150.620164156,25.509437686224334,90.91847832406687,3,Manufacturing,0
439,43146214.00447827,12.829049870432058,52.50092884105561,19,Technology,1
346,23414172.79091166,24.964831809568782,95.57606466626582,20,Retail,0
229,20167318.53793861,29.19389692758472,51.4752027572603,4,Manufacturing,1
474,14375009.367959432,26.42184840187735,67.79855162441972,3,Retail,0
117,24357164.588188052,7.94109970398313,50.790659811648105,26,Technology,1
318,3174456.513128602,23.493258302138514,53.857258426979094,16,Manufacturing,1
279,42757483.13400338,12.991670811013618,95.55841425900395,12,Retail,0
127,2735696.0525087086,29.710399735301912,67.74304153730739,8,Technology,1
393,17123516.90312368,17.13397457899718,71.23857652125264,24,Retail,0
396,46647884.92763051,8.060847458973527,60.767219069127634,29,Finance,0
129,37025420.07164919,23.12963870068477,79.85478850933599,29,Technology,0
58,14788157.068298811,13.075279959655346,79.74016073388948,17,Technology,0
122,13379805.604083369,29.92695392704154,68.61001959126096,7,Technology,0
1,1249024.8510832724,29.494561446363047,66.65174359026992,11,Manufacturing,1
239,35090000.34963776,21.403350450514516,94.24821540902938,18,Manufacturing,0
290,3390395.5019854815,8.24566122379294,69.16421198211007,1,Manufacturing,1
96,27097523.45063734,22.171524941875727,74.67504960772041,3,Finance,0
126,48143976.657010436,7.3257621615006805,64.16523812124653,4,Finance,0
118,6363974.142668241,5.734103977559808,89.33847516785637,13,Technology,1
48,44829516.61743531,25.57396115553715,69.87240784495458,6,Finance,0
89,49582291.42210736,10.243823692092034,75.68055232721623,26,Retail,0
488,4014334.2857225174,14.475678155477436,62.66785850298307,14,Technology,1
237,44262407.1877356,29.33643474940433,99.38297961706259,5,Technology,0
373,26287872.001737215,13.421012546527582,64.57478704618615,16,Retail,0
385,45419172.25278442,12.412244532082882,88.53712654527759,15,Technology,0
272,28994628.15405913,27.95519999056938,71.37478251783796,15,Finance,0
189,33443488.495221667,7.768711132973952,60.310870254206996,4,Manufacturing,0
487,27645166.491872564,23.989560252865793,89.98593819824306,8,Retail,0
192,43360151.13506008,29.70163916631935,66.68033945145216,27,Finance,0
447,36961586.02873138,27.53240026936622,93.25966736989055,16,Retail,0
69,26541755.29684033,21.29169796766065,95.76285924589115,28,Retail,0
278,43539879.3985258,12.8515198748183,92.9911917695638,16,Technology,0
349,13018991.080511393,11.358049529457919,51.75039574034028,4,Technology,1
247,8709692.325423773,25.481377621786528,89.36866725025529,13,Finance,1
451,8859605.161173532,26.99554784879238,70.56697332495719,26,Retail,1
76,17366435.058516655,18.135872813642322,93.68614600911125,28,Technology,0
154,12695811.533749858,11.108498519661653,81.89771313423694,13,Technology,0
144,46574427.17497719,7.823580210279339,91.68215670719792,2,Retail,0
435,6185870.597600616,7.179486695795779,74.97158849334177,3,Finance,1
485,35250546.1639398,22.97693618384639,76.75127522994664,22,Finance,0
86,10271855.449465288,15.502968196193125,57.21938160668336,8,Retail,1
185,44200219.505747154,27.63399685694676,89.19936793446777,24,Finance,0
285,48104449.12106046,23.491782518169092,70.96948058334858,15,Technology,0
462,23808030.429729193,9.781510447864667,75.00400591357914,11,Retail,0
220,44074502.53117845,20.344435470392476,89.25488570478538,9,Technology,0
69,1252113.3669810237,15.887636359953984,79.94227000397196,7,Manufacturing,1
47,41177398.9529969,19.431243269215326,60.05493637213337,13,Manufacturing,0
497,12202632.914721252,23.45172808346293,79.51163295754463,2,Finance,0
94,45526364.15419903,25.15489702509477,70.38164289898279,8,Manufacturing,0
238,1054885.462525365,26.093433160168107,73.47627710219314,7,Technology,1
446,28252905.016948093,11.349371864300618,51.41556372013339,24,Manufacturing,1
453,38075154.3854618,5.777889997933942,60.50146747581408,12,Technology,0
204,13675728.20419749,23.48236837911933,64.05190406905142,19,Finance,0
400,10463510.36477736,7.658593156394365,85.64800039294029,7,Finance,0
218,5120812.998931248,12.872989715324191,50.574623664905765,10,Technology,1
474,16995245.248661354,5.095428353108678,70.4388630614566,29,Manufacturing,0
432,28432371.303132646,22.0417370600405,96.20134352128665,25,Finance,0
341,6676348.982232626,9.178300286780532,55.594030827456194,16,Retail,1
39,19458072.73735314,21.382060242291455,75.82121941093055,3,Finance,0
100,1444547.8279835233,29.793565429195972,89.32611911954235,10,Manufacturing,1
289,41115291.60449225,6.8167717902504075,97.12656537600583,6,Retail,0
254,7293987.186566377,6.926950298786517,87.3388319766859,18,Manufacturing,1
222,14883804.465013498,13.509502316666872,86.0282774322203,18,Technology,0
357,1902958.218172656,26.65966285628355,91.32440450978812,5,Retail,1
23,22179798.410733104,10.388246719783297,72.31006104887719,21,Manufacturing,0
250,42165953.63431972,14.009445498258689,90.29222663089165,29,Retail,0
10,20215409.360814635,6.712635165674489,50.398220237272554,7,Manufacturing,1
246,9795368.847767837,24.078882281472236,96.22805276884024,28,Retail,1
325,37931242.86847544,15.207658568986277,72.16532547585877,2,Manufacturing,0
100,39651542.11166647,23.98121832652107,77.66900939328738,11,Technology,0
290,9513920.290070772,27.590196108669875,62.744112445744115,13,Retail,1
180,38771851.3185085,10.819078677532218,87.12654164202107,23,Retail,0
223,47417596.52456056,25.184900758498785,53.83179032376244,5,Retail,1
394,9152501.759681344,6.477347251956332,93.63179012734176,6,Retail,1
250,38778230.33407464,27.471184704506182,91.40584145031714,24,Technology,0
147,35720028.225528836,21.269213688968684,60.80300581223832,26,Retail,0
442,24205120.53331934,26.85566810345879,90.46621991426312,29,Finance,0
96,3838102.567381116,5.004709988914548,89.31788665307407,14,Technology,1
257,4660026.470134847,9.227026758899813,81.61082988769745,12,Finance,1
325,42768318.30073374,14.743984685662301,68.67600884498438,4,Retail,0
493,49517270.264781706,14.487572584367964,63.57493770909339,29,Manufacturing,0
4,34126560.60215097,10.668259573087767,61.5891795144675,23,Finance,0
16,22851957.04350575,14.540298496680002,65.93044813818035,6,Retail,0
280,32731108.52669347,8.221217800006372,95.17792217162652,10,Finance,0
336,30125397.10219872,15.319028231650652,53.882038799439066,18,Retail,1
247,19797000.75987547,25.058858228981606,91.44356381264794,15,Retail,0
258,4215681.0841266345,16.97675157758378,67.44450375209118,8,Retail,1
497,41254134.42296461,5.450002223630374,76.07996980056791,26,Manufacturing,0
476,19219842.932697505,15.536101039481185,89.72428168242453,9,Finance,0
384,41120496.52449759,5.679375402271104,94.21882735114856,5,Technology,0
160,13372928.734730728,29.156085267669955,67.23907100363235,10,Technology,0
475,1050444.5124360365,8.186348985571724,73.09217406375552,20,Technology,1
340,8787975.880561069,22.69220815826547,70.72580324083961,6,Technology,1
152,23958431.421660632,29.319408072302146,50.66255167519553,16,Retail,1
396,47270878.112933666,25.650976291664296,64.79714444293283,24,Finance,0
178,6007487.36499223,22.48288437815509,72.95946168662809,27,Finance,1
163,42856278.948616736,25.986522737519174,70.55468044402198,3,Manufacturing,0
380,26824180.71438124,29.54496733151569,86.09646137578397,10,Finance,0
33,41470117.52419493,20.53361243133824,69.24018086105517,11,Finance,0
417,15620347.118509637,18.979620170733163,74.46882244853352,11,Finance,0
445,42157411.06895112,20.705952761582033,71.48042960661817,17,Manufacturing,0
179,38868316.22082342,18.316897169038874,87.03130744471852,4,Technology,0
427,12272630.468540262,20.87722764774297,93.14861994934813,4,Finance,0
101,7435421.194059525,16.246055199313982,76.59445395037571,17,Manufacturing,1
268,43534661.80408235,10.461079572082678,89.47160970975956,9,Manufacturing,0
323,48198596.01856646,8.006180662791891,64.83933410099253,19,Retail,0
65,2533813.373628296,6.70852338830651,77.06848050786344,5,Manufacturing,1
417,36832233.281710595,11.582894593830002,67.26149768349862,22,Technology,0
168,45566701.0364431,6.153089108393345,70.71004627859152,24,Finance,0
330,43010644.512532435,19.179269497984638,86.62069324063343,6,Manufacturing,0
43,48261503.14124022,12.095711175588008,94.08312411663563,3,Technology,0
44,38244609.84346676,25.613370202175805,56.07476955438827,22,Manufacturing,1
285,22672639.3566646,6.856021824709661,81.73196282436902,1,Manufacturing,0
397,16285647.534261392,10.658787358537149,79.10719037888992,20,Manufacturing,0
12,16716394.281468244,23.256153677253646,55.92075195879659,22,Manufacturing,1
95,36496710.95809173,19.970207409587285,60.594716522005456,16,Manufacturing,0
302,37546013.58951725,6.612281781229188,65.55012473663402,23,Technology,0
386,10817598.03388692,26.93098642905501,58.34655354087507,11,Finance,1
253,43538017.86103602,26.93154407065449,62.18647412621709,13,Finance,0
499,36031277.96991014,13.260200096894346,63.38003994308538,27,Finance,0
242,28574764.03082575,13.510146083739118,66.78369165195298,10,Finance,0
35,24105090.54502312,29.725708958754346,87.46952264005795,3,Technology,0
215,27618407.48370795,20.654404289828456,78.59561019253003,9,Retail,0
337,8803041.175683958,18.282913014201476,99.31233359757007,28,Retail,1
90,10981361.214537436,25.95380458879811,70.73679134837356,12,Technology,0
264,5467060.029903392,12.132258458932911,87.69325369184625,23,Technology,1
93,8529243.869894521,15.729564834908922,93.57342106882669,14,Manufacturing,1
410,23230988.09565885,11.694416887208355,83.94892465190209,1,Manufacturing,0
458,26987365.292684548,24.729021164718286,70.5932370208748,18,Manufacturing,0
90,1875232.7314376493,19.33373364088045,87.67973153728765,17,Finance,1
418,40043093.56533735,21.47062675350176,60.18335688863424,27,Manufacturing,0
115,15414230.693830416,11.307681245985163,66.37760825900662,9,Retail,0
105,45679965.71303564,10.505632534432877,77.33426275496444,9,Finance,0
391,48408051.917075105,17.209365724573466,78.77046936430742,23,Manufacturing,0
196,10087484.859156063,23.43914372732067,51.10707377363147,10,Finance,1
314,23642767.24751737,18.130993938004003,97.25570943780043,19,Retail,0
114,1060359.9231548684,5.8161419386417155,84.8313635608695,29,Manufacturing,1
493,30318035.99099892,26.71378765800722,74.78518751159456,15,Retail,0
75,30758015.96487089,6.617172337878289,96.65636172041542,5,Retail,0
413,13129457.824565383,28.895612093018805,71.95477826254142,15,Retail,0
376,28362220.956576698,5.628548956931818,99.02177851351858,20,Manufacturing,0
420,12051466.979743036,22.36126140326772,75.61423786217425,23,Technology,0
217,8880447.984831313,7.055176592794542,55.71428849989897,25,Manufacturing,1
277,32924453.87331097,27.76691448587849,88.24004862296387,28,Retail,0
249,16970347.733651668,16.61083090563857,83.94488625389202,2,Manufacturing,0
164,29922933.0053955,8.438094370425384,88.64933606527934,13,Retail,0
394,22229090.699611124,13.520392494746165,97.57210143628406,24,Technology,0
357,49233218.96274229,9.12061688366905,88.82446513255091,16,Finance,0
457,8329451.490710722,9.264547788927251,80.56683011083234,15,Technology,1
408,23765331.2351547,28.702708004286055,92.86544511804205,25,Technology,0
192,34342374.69160694,16.131152807119705,83.66232196772658,10,Finance,0
227,20381709.110118464,24.720056597633988,70.40595284129616,14,Manufacturing,0
177,48760292.741663806,20.990139029442048,94.28098821208866,10,Finance,0
99,36372493.76841982,21.910659058459807,61.095023039218646,25,Manufacturing,0
496,33192209.020660162,8.292335961800962,85.73206374543621,14,Manufacturing,0
36,38095904.112949945,10.854611170387141,94.07817274703785,26,Retail,0
466,47679783.263897136,24.66875837886092,86.5658259851648,23,Retail,0
497,45483113.996247366,29.269155161869573,84.86377095269285,9,Finance,0
487,36489980.09819418,11.566891064966294,87.6319147035918,25,Technology,0
96,37708920.31596287,11.789219118775996,73.25276241503222,14,Finance,0
152,8150181.627722127,16.82242832027262,93.70853410785129,3,Manufacturing,1
151,6036827.820140619,29.596007821385946,60.17182375680456,20,Retail,1
190,28974320.59036405,11.723973645661777,56.369320800016965,16,Finance,1
224,1900014.21008646,15.174297740856597,64.27543900592558,2,Finance,1
37,24635462.696027987,27.287000390587668,76.57886983874965,10,Retail,0
268,11307129.416024562,5.07302581553405,75.5280897704669,3,Retail,0
369,17954811.814597137,5.994149124714239,91.02993788382933,11,Retail,0
183,39014432.053854845,20.101791926780482,70.22843282020087,11,Manufacturing,0
13,47120637.70738694,27.684504117821174,74.21722131457543,21,Retail,0
279,4548397.335170734,10.971416510048192,50.66838416296978,21,Technology,1
217,27177868.092845812,16.741044367017725,70.48696182214695,22,Finance,0
355,44244140.8051604,16.261632541445458,82.3887116475171,13,Retail,0
361,5042918.187580642,16.824283652387756,50.77541653132961,7,Retail,1
286,41401188.29794486,20.56299239324363,64.0440982593122,23,Manufacturing,0
273,18532266.195485298,16.743594074767095,60.397817964469496,17,Manufacturing,0
369,16782640.40874743,16.186703533061447,52.09927144547941,2,Finance,1
62,48895852.9294245,16.857210510781513,73.96300449572688,12,Technology,0
84,10842095.403252413,19.77168603177604,59.08616466140783,25,Finance,1
368,34966503.10031137,18.42518720878396,87.154076981569,10,Retail,0
217,41250595.67248346,26.35339994126261,92.39639418816742,18,Technology,0
342,3017991.2686843122,6.237421337341665,77.27925913345739,22,Technology,1
397,33848887.459366195,25.83292678682531,99.08536712605708,27,Technology,0
187,47625948.74341102,26.0981153152931,72.52392857352977,11,Technology,0
19,7086778.369674908,12.122700538274021,75.66841051124578,16,Finance,1
177,44914843.83156688,16.571298875396266,99.4608876978875,17,Manufacturing,0
100,30144055.23146987,15.963462213435887,61.57742179825244,19,Manufacturing,0
396,31213624.51126123,10.462745858853257,97.12729698384527,18,Retail,0
445,31034264.56841469,14.919921177157912,52.14187775595566,3,Manufacturing,1
233,15642958.430528378,6.109694304271361,72.31934451315973,21,Manufacturing,0
403,46824888.949673526,11.945551819543361,53.500175606653286,27,Manufacturing,1
76,47420172.6689209,25.417054386267953,86.46173714568215,26,Manufacturing,0
265,31639928.350483444,12.114057544072438,80.4204467940009,16,Retail,0
455,39387713.57113912,25.455166718706188,85.33171317337982,6,Finance,0
284,31000641.30817674,18.28998661511077,68.72401999840085,25,Technology,0
206,24735523.931127988,26.996566934028998,68.47409670156901,12,Manufacturing,0
223,33380185.796663284,19.36948885661038,52.26596394804473,11,Finance,1
384,28097071.17700596,5.741705576618496,67.49724697648199,15,Manufacturing,0
52,30276317.268964574,21.88550518867723,96.46442011310297,15,Manufacturing,0
339,39407795.11752424,6.121339200589216,68.96132685902245,16,Technology,0
367,24564287.741000257,16.264925474578348,91.5683853110985,10,Technology,0
144,2996951.1985311653,28.23566736182785,92.11627523749671,12,Technology,1
373,9035974.568485364,9.130098483446254,68.66205781896169,28,Manufacturing,1
69,22491753.60798738,14.746808823538602,81.59943401980945,13,Manufacturing,0
99,36516501.43382886,23.24650772121196,54.76858011365293,4,Manufacturing,1
396,30070653.767198756,27.05646390237119,55.18392903671383,7,Technology,1
25,32864415.10779924,21.773575118562697,52.432883183085664,22,Retail,1
436,24484667.500238076,11.45433135477923,79.05075466875547,2,Finance,0
379,31171359.0751699,21.865196322905405,71.30354888130485,26,Retail,0
469,17121854.452918448,12.41819102760225,77.401617833212,27,Manufacturing,0
484,24038947.042136587,22.960730745468382,76.05365952541939,27,Manufacturing,0
53,37469674.21415283,28.850828189626014,67.51014955453651,27,Retail,0
151,43719806.169682935,23.034836277657206,83.87367074117364,15,Manufacturing,0
144,22249111.363863055,26.57201257281031,87.92509404581953,8,Finance,0
57,3139421.2276606984,5.052596079397086,50.73141294388378,7,Manufacturing,1
39,8921954.66319333,22.93930311828986,60.36211498844391,15,Finance,1
109,2022195.825285367,25.73968892163126,85.66179340416684,23,Retail,1
181,33009887.942629173,6.013968438617035,69.33100863169172,14,Retail,0
42,17283416.642400336,26.789943182205764,83.12419734708041,8,Manufacturing,0
186,27581453.150249008,11.417355707751145,67.34813298672792,28,Finance,0
423,25170565.49240618,21.63230254945138,69.53775761648185,12,Manufacturing,0
398,4994797.988068908,25.008871975585166,57.93394368448425,13,Technology,1
223,20759806.69506776,21.566612826483887,62.911550983308004,11,Technology,0
122,11807495.121193841,7.307119801831431,80.27058787537936,17,Technology,0
133,21501589.64471498,19.90803797150921,71.65815556575832,29,Technology,0
163,10975335.73676989,18.73959141805359,88.71513414722976,17,Manufacturing,0
215,42182167.90756974,27.508031701856787,92.62924774691713,24,Technology,0
221,9535473.49233443,15.10599324110523,77.08232091083799,4,Finance,1
235,48078247.02286187,13.027027427176254,87.91336460280296,21,Retail,0
331,21379460.9412001,23.746269110911655,65.3452256597285,8,Retail,0
146,42466019.308933415,15.316883152084916,70.7485607700039,5,Technology,0
239,31809476.09209131,21.152404375126576,85.63888381084155,26,Technology,0
76,37032164.63462188,21.161252253115173,69.31059964085154,16,Technology,0
9,38618470.51527223,27.200976609002947,79.42524675794944,4,Manufacturing,0
74,25737399.21275787,19.967310057977436,59.26863895412558,28,Retail,1
442,27621725.644801132,17.55384024904967,79.98856574852489,22,Technology,0
492,26185797.522627525,8.471783159912926,93.07568536134468,29,Finance,0
401,29814860.52641388,7.893440166967634,93.43198199117128,15,Technology,0
253,2440327.8420688575,8.858039132076986,86.21722031647698,12,Retail,1
230,20380243.322601747,9.296212033177364,87.2876689538063,5,Technology,0
7,30703246.964497406,20.94692731659085,77.89637225753503,23,Retail,0
174,30288454.69753735,23.524531256864464,79.23340450829124,16,Technology,0
141,39854848.635675944,18.249788073160467,56.6825290705259,14,Finance,1
168,33095457.60277332,25.725443313637275,72.19295942106505,10,Technology,0
170,49614532.50069295,29.78158066834083,72.53881419431819,7,Finance,0
393,14908871.901823606,25.5003157279839,97.92489178338701,13,Finance,0
434,18598400.45364534,22.37205934189898,71.55434313116447,20,Technology,0
283,19808510.441522017,18.312317485928666,77.46713224513788,28,Finance,0
122,23824827.543992177,16.221326791867707,76.66256996395512,29,Manufacturing,0
194,41963905.12527926,7.109809513613559,81.83808585221635,5,Technology,0
5,12553812.604001284,14.984218709867273,87.4116415665948,29,Technology,0
29,39024010.144736044,27.753365919553357,61.252093808543606,3,Finance,0
165,20860198.971201427,25.200565747663823,76.43622095492178,15,Finance,0
422,30490913.799438417,10.40128412529218,91.29588536580152,4,Technology,0
339,31994486.128089,16.665194617430398,73.15573569187558,15,Manufacturing,0
136,19269583.22225779,25.418080063963615,63.92287731867865,14,Finance,0
496,26118145.055084452,6.6846138696380635,82.73545376781496,20,Finance,0
365,21238527.557737153,14.684814641716482,91.18836978995614,19,Retail,0
321,4387506.523144353,26.29603092184869,53.15701464636957,13,Manufacturing,1
342,22421104.0520245,15.097446604253093,88.83952417036136,10,Manufacturing,0
145,5772276.235124056,6.940366118286022,91.08239664808856,21,Technology,1
327,20846019.154935755,18.563359213306285,73.07614637943034,5,Manufacturing,0
217,30053001.591757312,26.543562372957386,99.16528284092337,27,Technology,0
301,29391330.06783154,19.757138573828993,89.33541703536545,23,Retail,0
132,33468442.671407696,10.656977705355795,88.68312824478329,20,Manufacturing,0
292,5667813.889776688,14.605990503434533,87.39192872060359,29,Finance,1
70,32954039.030991457,16.253084029548305,57.5304051609137,20,Retail,1
252,16295254.778125906,19.48165884551317,60.86154432265054,25,Technology,0
415,20553251.360718444,23.983775643815328,73.19950657322126,6,Retail,0
275,43041326.44221258,7.471840441015885,63.20021749797329,4,Technology,0
445,1442489.8023479623,27.241300825439158,70.76204861670202,2,Retail,1
364,29832219.033689667,5.30774257540189,94.42320549614604,22,Technology,0
182,30336985.02490527,14.251308366856382,91.21634459396346,16,Manufacturing,0
167,20436329.04083454,5.685507749316441,81.50199392399911,18,Finance,0
91,12614364.998308472,14.824355633632281,92.90601971255518,5,Technology,0
202,12499027.874816004,18.145314971833095,89.18861945086246,22,Retail,0
346,44301773.813376874,17.792034664537795,71.44924659204452,4,Technology,0
19,22659194.315360017,9.140708675706634,60.053257602497254,13,Technology,0
39,17213578.786469426,21.143512752390308,75.71005200046696,19,Technology,0
126,22990101.11773875,6.1194612626167055,86.8114441264275,23,Retail,0
451,33800129.67150871,24.047670503310385,71.82097993647965,2,Finance,0
173,8142071.843992833,28.666110849838656,83.33859548919486,13,Manufacturing,1
141,23022257.925473146,13.494220678777948,54.716371314552184,11,Finance,1
242,29806334.18440896,17.930984542858297,87.40023681857016,22,Technology,0
220,47480584.38772026,14.472756951470359,90.6356809946531,29,Retail,0
126,13373861.321695544,5.167759757601499,85.34189278902706,4,Finance,0
58,18603286.647896033,14.646862572377898,98.36317937631827,22,Technology,0
148,19588570.906198766,24.793006481533663,91.33260287303202,20,Manufacturing,0
476,30671369.724599257,19.899721054587044,95.15468639382692,20,Manufacturing,0
456,18479870.598960083,7.531497865378974,96.6785541728824,15,Manufacturing,0
317,27142084.339685086,26.178487242344627,90.06739959369042,4,Technology,0
383,39307726.16240644,18.27713362213107,83.71294210032495,9,Retail,0
361,35563894.111497976,26.043084043616904,50.285929068039465,7,Finance,1
423,22872063.679116692,19.505537969625735,73.29128766115623,19,Manufacturing,0
1,43346592.70603428,18.992211120948497,78.55811493111806,19,Technology,0
387,28348872.23009928,7.63147962992531,65.20151362239999,6,Technology,0
461,27455386.135608412,9.183993328465698,65.9052223451736,6,Finance,0
348,2675200.5310187507,29.300631412414777,98.05797078550826,20,Manufacturing,1
190,49347956.03750092,10.71216866886927,94.5855432601373,15,Technology,0
191,7025569.617951709,29.4363029497592,92.45895027508521,15,Finance,1
369,12325414.708954684,18.297817663106585,70.30059008530553,25,Retail,0
409,3533145.024834821,8.394726176598429,50.684927520445726,20,Retail,1
312,32360145.375008773,7.4825550688423235,54.011112322785706,9,Retail,1
417,12010357.67166132,10.221601767643499,65.60981841088018,4,Manufacturing,0
422,9820511.436163452,28.140933250633395,50.78714564978385,18,Finance,1
117,5339223.626938828,15.35375560820567,50.8574890957599,18,Finance,1
134,6062138.899076767,14.88585669982286,95.83016508212054,5,Technology,1
58,29648864.32168685,12.830156526754351,85.3079251059527,20,Technology,0
44,34722185.427463174,8.67654626416471,65.44779950340764,23,Technology,0
173,20471570.43475565,17.19627992981016,56.632228880047656,11,Finance,1
160,24514956.99801159,8.251194562778467,75.58178589475385,5,Technology,0
173,34612419.06316622,25.88700590955819,50.26730804271822,22,Finance,1
317,1851609.7190885022,14.259924656882662,96.9206871929072,26,Finance,1
303,16833402.196443647,14.370089194544908,70.74075596944736,4,Retail,0
149,48681789.65544698,16.850160712078896,70.11674776186663,29,Technology,0
80,29425499.255077936,16.10319282914379,69.52968037908911,12,Retail,0
374,13457004.414977169,29.871449326483038,53.46641651938824,2,Manufacturing,1
213,26564772.285174444,18.634528030457563,81.91611198959133,13,Manufacturing,0
203,17790020.91792485,7.205042594746767,86.65018098141766,10,Manufacturing,0
252,27080004.452488657,20.17193353942325,83.80626987941451,9,Finance,0
229,7161334.078525793,8.789607321746999,56.921774666469716,10,Finance,1
164,7503018.037144592,5.773441118283549,78.94200840177963,7,Finance,1
227,8033575.73993025,29.268553841931205,78.4742242086127,4,Technology,1
147,47051169.80441525,24.3384722883641,93.4205393970691,19,Retail,0
20,36912046.99872575,29.502724810344173,68.95638291878235,10,Finance,0
441,8956712.838453723,16.94696120055606,68.5742971829717,3,Retail,1
402,10229105.10451447,18.306438278724404,80.92635293590928,25,Retail,0
47,36810644.26867294,9.208423897978255,81.65363267497565,21,Retail,0
233,8652028.394816523,11.17268566668964,73.46426136628952,29,Technology,1
305,12493503.373406604,25.963730372570705,72.15296811652105,19,Technology,0
14,48203994.808199555,13.904641177939855,74.70738353189414,21,Manufacturing,0
143,13510019.71169316,25.670374344910474,93.0522649751656,2,Manufacturing,0
415,33419985.16818619,22.725343107175796,73.0583450626955,27,Retail,0
1,48952933.08262599,9.429273131796638,96.99658959849113,20,Manufacturing,0
373,19340541.58984984,17.686159152993554,75.20018817981631,10,Retail,0
54,1858283.5522410495,21.934683037967922,97.46003465904457,2,Technology,1
374,12963217.23069634,10.875930370095627,91.64159509345379,2,Technology,0
259,41712982.37574357,25.767212763001922,68.12156613079145,28,Technology,0
144,43365832.9617968,18.62069143862967,93.18207106483081,24,Finance,0
471,38657448.86166577,9.13105126106508,55.50316421005576,17,Retail,1
441,6542381.134752078,19.574610654115062,96.25235876715072,16,Technology,1
459,39980008.21312375,29.99284510389785,81.58217575414459,16,Retail,0
12,46015212.05268171,8.76303729158534,52.71953742611556,14,Manufacturing,1
330,30429867.58476557,25.418923252988204,82.21283618254057,7,Manufacturing,0
224,47102892.46056518,10.182725079688948,98.71238270723781,21,Technology,0
272,41515105.30188199,24.559708236502182,53.49003273073144,11,Retail,1
456,33681604.33255446,23.36444807803533,77.73438548900431,24,Technology,0
358,29282076.59887566,12.51223464001081,87.38971748796862,1,Manufacturing,0
460,18080109.694856554,13.145577939111245,90.51292933497656,11,Technology,0
408,8805084.816897452,24.81303479907298,70.69137326603979,23,Retail,1
156,30642742.211836502,16.536137797182818,60.20832795841215,21,Manufacturing,0
373,16587466.127287855,23.27045071779522,52.11711393861919,4,Finance,1
8,43455494.70885462,8.699603684145869,78.98630785486124,7,Manufacturing,0
122,49673509.93057279,26.31394454753884,72.64555351338053,26,Finance,0
348,37868960.36816306,22.77211791705798,97.43721975748555,15,Technology,0
164,5433603.069065486,27.673570220870847,53.03024538574549,18,Technology,1
90,15145594.181001266,8.309309475874311,84.26976717230029,12,Retail,0
136,6346371.956521736,19.82536250901494,51.24831110600286,17,Finance,1
186,32875070.741794072,19.97801462600813,58.57170883552713,1,Technology,1
316,38494352.36323345,13.836518513669562,72.67894999614171,11,Finance,0
178,46358066.713154875,16.461660614231445,72.74362214014342,28,Technology,0
28,22470444.974187396,5.9495390822463365,84.2850271466822,1,Manufacturing,0
220,45167406.82983377,23.6465009656753,95.51065174338783,15,Technology,0
357,44016666.79302505,18.73306198507935,81.95160794574605,28,Retail,0
41,16542590.12150453,6.4435262967293445,97.67675489257545,21,Manufacturing,0
228,43576130.65148798,22.018897324012137,94.08078199389988,10,Retail,0
192,19407940.342204597,16.669551930779697,79.22498977653952,7,Manufacturing,0
411,15546594.453453759,5.861531485625,91.68959754594137,2,Finance,0
447,32804658.28092526,29.240193171202385,82.1288805161817,10,Retail,0
145,17090680.166368973,28.727803577236013,53.92789154618636,24,Technology,1
201,31880228.668128066,17.82256040367994,87.0282361629755,4,Finance,0
417,30881758.46943603,7.341810517647755,54.74542206336731,12,Technology,1
212,28608507.44007448,23.865530539964794,79.70413902848563,19,Manufacturing,0
461,19640565.507407088,17.298277502643227,85.13201029291145,26,Manufacturing,0
220,27876486.360922363,12.561186957234497,53.32638041054276,11,Technology,1
240,30227788.27428566,17.285454438213918,61.53973269632659,8,Technology,0
413,27738657.5362782,18.06110363513661,95.7836116130825,18,Finance,0
397,22776553.184808876,19.06779247555848,80.81572461164482,11,Technology,0
46,1718685.7952669268,16.030592841383164,62.31430094052658,11,Retail,1
35,29766023.677356396,20.14388257847642,84.53398855740033,13,Retail,0
253,9253774.871993262,27.968367765159435,79.83882099808449,3,Technology,1
390,32486222.47841229,14.056702177464778,75.07878499589742,12,Retail,0
82,38207872.06822044,23.142911580498726,98.80934874940418,3,Technology,0
371,25521820.147406332,27.361313920605806,84.17268887037544,10,Finance,0
256,27575819.584007178,16.399481893998423,68.77205548339563,27,Retail,0
197,47622449.42363357,16.0863959095476,90.0036716038434,17,Retail,0
303,42511200.70725614,20.052924633869488,94.22916464605939,22,Technology,0
409,45797589.28162203,19.7851689855622,56.26102797584157,2,Retail,1
450,40874548.12765974,25.164733558156925,60.02764889226332,17,Manufacturing,0
10,6336998.75048984,16.91208459445732,60.811350456388986,16,Finance,1
312,8300600.942539541,29.903073740986027,84.56059046932702,2,Finance,1
286,26804566.06617902,6.486789221682019,80.15197775266417,28,Retail,0
242,13057413.281101914,5.079196214517544,80.9495782349294,22,Retail,0
251,24358078.2770168,21.004957788990595,97.03866498447505,20,Manufacturing,0
365,20323900.86709916,12.460872809046917,88.7955766403653,6,Manufacturing,0
5,27921297.683092214,11.009559717487095,56.39684622558916,28,Retail,1
119,37596910.09065531,12.797477000107012,67.37535412125905,25,Retail,0
289,36059054.44786445,11.401189127623857,71.76968230878678,29,Manufacturing,0
374,26540472.491781384,5.769751241511196,69.79807943738024,10,Technology,0
65,41297277.522035845,29.288326059764717,83.46543045809396,28,Manufacturing,0
146,22112242.485363632,10.518637211319543,94.59465516282813,10,Technology,0
224,44939000.202166,23.35074406473266,65.3025731761394,8,Finance,0
239,4492733.232703031,24.06490986735438,77.59385682105928,1,Finance,1
177,47778341.47163206,28.23143495018073,89.47047109567929,13,Manufacturing,0
267,33079960.99013606,5.763736427334499,70.81090294226746,24,Technology,0
341,19623650.93792306,26.801208461175193,58.40590641996479,9,Manufacturing,1
